oracle_id,lo_cents,lo_printing,lo_finish,hi_cents,hi_printing,hi_finish
00b940e9-0000-4000-8000-oraclebroken,1111,11e00214-0000-4000-8000-printbrokens,0,15800,41f2521a-0000-4000-8000-printbrokens,0
03cbe4cf-0000-4000-8000-oraclehollow,45,3ae5f613-0000-4000-8000-printhollowk,0,379,c59cb900-0000-4000-8000-printhollowk,0
04ef795e-0000-4000-8000-oracleskyfar,3744,0e211c81-0000-4000-8000-printskyfare,0,9231,4173690b-0000-4000-8000-printskyfare,1
04f89e4d-0000-4000-8000-oracleironro,953,74268ff4-0000-4000-8000-printironroo,0,4435,2ca1aeac-0000-4000-8000-printironroo,1
055941ea-0000-4000-8000-oraclethornw,639,8c7778c3-0000-4000-8000-printthornwe,0,4847,344ea162-0000-4000-8000-printthornwe,1
061b47b9-0000-4000-8000-oraclestarli,2712,3597d7a7-0000-4000-8000-printstarlit,0,27767,f9552346-0000-4000-8000-printstarlit,0
0694b227-0000-4000-8000-oraclesablef,1754,93d8645b-0000-4000-8000-printsablefo,0,9851,4c538313-0000-4000-8000-printsablefo,1
06c5d6e1-0000-4000-8000-oraclemoxies,1182,c8bca723-0000-4000-8000-printmoxiesh,0,689502,af9ccb4e-0000-4000-8000-printmoxiesh,0
0743997e-0000-4000-8000-oraclewildsp,24,d913a8ac-0000-4000-8000-printwildspr,0,558,54344ae5-0000-4000-8000-printwildspr,0
076e2c76-0000-4000-8000-oraclestormt,2472,6ad471ab-0000-4000-8000-printstormto,0,20381,c839dde8-0000-4000-8000-printstormto,1
07fa5b18-0000-4000-8000-oraclestarli,36,621a1213-0000-4000-8000-printstarlit,0,1652,7d891955-0000-4000-8000-printstarlit,0
09288d92-0000-4000-8000-oracleraveno,1653,52473d3e-0000-4000-8000-printravenou,0,25054,c5df1bdd-0000-4000-8000-printravenou,0
092f1016-0000-4000-8000-oracleraveno,108,84eb4b0a-0000-4000-8000-printravenou,0,967,6014c036-0000-4000-8000-printravenou,1
0b6d4ba9-0000-4000-8000-oraclewildsp,41,e3d5b0d5-0000-4000-8000-printwildspr,0,128,61992e35-0000-4000-8000-printwildspr,1
0cdcfdc4-0000-4000-8000-oraclebroken,2485,ade69f98-0000-4000-8000-printbrokens,0,4662,ade69f98-0000-4000-8000-printbrokens,1
0e09afa7-0000-4000-8000-oracledorand,13760,5405b659-0000-4000-8000-printdorandu,0,44398,0c80d513-0000-4000-8000-printdorandu,1
0e582c85-0000-4000-8000-oraclemurkwa,17149,74cb59b8-0000-4000-8000-printmurkwat,0,97755,d1943027-0000-4000-8000-printmurkwat,1
0f40a4c3-0000-4000-8000-oracledorant,3326,d8ab837c-0000-4000-8000-printdoranth,0,18487,8a107b11-0000-4000-8000-printdoranth,1
0f7c8f65-0000-4000-8000-oraclehollow,31,30acc0e7-0000-4000-8000-printhollowr,0,408,c33edd42-0000-4000-8000-printhollowr,1
118e6caa-0000-4000-8000-oraclehollow,2516,254e09f8-0000-4000-8000-printhollows,0,8901,ddc928b0-0000-4000-8000-printhollows,1
14539a68-0000-4000-8000-oraclebloodm,21892,4d1d04b5-0000-4000-8000-printbloodmo,0,69711,806f513f-0000-4000-8000-printbloodmo,1
147e6f94-0000-4000-8000-oraclekaelst,4232,26e9b04c-0000-4000-8000-printkaelsto,0,18107,a54a4f07-0000-4000-8000-printkaelsto,1
152f3d1b-0000-4000-8000-oracleriftsc,16437,f36633e5-0000-4000-8000-printriftsca,0,80791,71c6d29f-0000-4000-8000-printriftsca,1
15510f4e-0000-4000-8000-oraclesilver,8,91159490-0000-4000-8000-printsilverl,0,66,66155481-0000-4000-8000-printsilverl,1
159b1e94-0000-4000-8000-oraclecopper,37,d76adccb-0000-4000-8000-printcopperf,0,168,55cb7b85-0000-4000-8000-printcopperf,1
16623555-0000-4000-8000-oraclethornw,28741,2819f54f-0000-4000-8000-printthornwe,0,127487,07bbe429-0000-4000-8000-printthornwe,1
16a348a9-0000-4000-8000-oraclethornw,4074,5d05c819-0000-4000-8000-printthornwe,0,70930,38a63618-0000-4000-8000-printthornwe,1
1bc1ccbd-0000-4000-8000-oraclewraith,15,cab1378d-0000-4000-8000-printwraithl,0,50,4fda09bb-0000-4000-8000-printwraithl,1
1c11d58e-0000-4000-8000-oracleraveno,4459,ab02454f-0000-4000-8000-printravenou,0,9965,ab02454f-0000-4000-8000-printravenou,1
1c37c8f0-0000-4000-8000-oraclewhispe,4998,1871e9bc-0000-4000-8000-printwhisper,0,18991,9d9abbea-0000-4000-8000-printwhisper,1
1cfcacd6-0000-4000-8000-oracleskyfar,42754,07324255-0000-4000-8000-printskyfare,0,653266,af8063cb-0000-4000-8000-printskyfare,1
1e64c011-0000-4000-8000-oracleskyfar,2942,5bbe3554-0000-4000-8000-printskyfare,0,34728,b99b25f0-0000-4000-8000-printskyfare,1
20490f68-0000-4000-8000-oracleancien,1835012,2a088be0-0000-4000-8000-printancient,0,1835012,2a088be0-0000-4000-8000-printancient,0
275df72a-0000-4000-8000-oraclehollow,25059,cd9493c2-0000-4000-8000-printhollows,0,127902,4ba73ecc-0000-4000-8000-printhollows,1
2770acd7-0000-4000-8000-oraclebloodm,3515,809d9b2c-0000-4000-8000-printbloodmo,0,96392,46820410-0000-4000-8000-printbloodmo,1
28e56089-0000-4000-8000-oracleemberc,3771,edf3ec02-0000-4000-8000-printembercl,0,22623,6c06970c-0000-4000-8000-printembercl,1
28f1d8de-0000-4000-8000-oracleraveno,3762,5029e104-0000-4000-8000-printravenou,0,26714,a1376387-0000-4000-8000-printravenou,0
292cc664-0000-4000-8000-oracleancien,510,31ca5fdf-0000-4000-8000-printancient,0,6506,79eb4b61-0000-4000-8000-printancient,1
292daeb9-0000-4000-8000-oracleancien,18,3fe0e307-0000-4000-8000-printancient,0,99,f85c01bf-0000-4000-8000-printancient,1
2ad59a4d-0000-4000-8000-oracleduskbo,1179,55ee3fb6-0000-4000-8000-printduskbou,0,19281,318eadb4-0000-4000-8000-printduskbou,1
2c3b6ddf-0000-4000-8000-oraclecinder,3792,009f005f-0000-4000-8000-printcindero,0,14583,7e627dbf-0000-4000-8000-printcindero,1
2e5e66b0-0000-4000-8000-oraclesilver,31,d6e0e773-0000-4000-8000-printsilverl,0,132,54a464d3-0000-4000-8000-printsilverl,1
2ea0193e-0000-4000-8000-oraclethornw,2700,c012ef5f-0000-4000-8000-printthornwe,0,89419,56592471-0000-4000-8000-printthornwe,0
31f330c6-0000-4000-8000-oraclestarli,46390,7aa6e867-0000-4000-8000-printstarlit,0,390841,f8b99371-0000-4000-8000-printstarlit,1
323db142-0000-4000-8000-oraclecopper,28,a6954b82-0000-4000-8000-printcopperf,0,194,03fb434a-0000-4000-8000-printcopperf,1
33235245-0000-4000-8000-oraclecinder,6,bf6b2a46-0000-4000-8000-printcinderw,0,23,0a797c76-0000-4000-8000-printcinderw,1
33dfbb1c-0000-4000-8000-oraclekaelth,27,72bb5fc4-0000-4000-8000-printkaelthe,0,301,4de4d4f0-0000-4000-8000-printkaelthe,1
34996685-0000-4000-8000-oraclehollow,42,218743f9-0000-4000-8000-printhollowo,0,101,54d99083-0000-4000-8000-printhollowo,1
365ce218-0000-4000-8000-oraclestormt,5067,d4688f44-0000-4000-8000-printstormto,0,11359,d4688f44-0000-4000-8000-printstormto,1
36bb50a5-0000-4000-8000-oraclesunlit,12,bb761263-0000-4000-8000-printsunlita,0,35,05e74339-0000-4000-8000-printsunlita,1
390aee6a-0000-4000-8000-oracleradian,15,9bd3eb37-0000-4000-8000-printradiant,0,114,4d38e2ca-0000-4000-8000-printradiant,1
3b2a452d-0000-4000-8000-oraclemishra,417914,aa79151e-0000-4000-8000-printmishras,0,417914,aa79151e-0000-4000-8000-printmishras,0
3b3ca22f-0000-4000-8000-oracleemberc,4359,c1312a8d-0000-4000-8000-printembercl,0,11388,c1312a8d-0000-4000-8000-printembercl,1
3e6ee94d-0000-4000-8000-oraclegrimwo,38,9c67d6d6-0000-4000-8000-printgrimwoo,0,446,f3a41965-0000-4000-8000-printgrimwoo,1
3e7595b2-0000-4000-8000-oraclegrimwo,79635,9662b87c-0000-4000-8000-printgrimwoo,0,1440833,11835ab3-0000-4000-8000-printgrimwoo,0
3fe6b9a4-0000-4000-8000-oraclegloomv,4204,a6b5147a-0000-4000-8000-printgloomve,0,9251,a6b5147a-0000-4000-8000-printgloomve,1
3ffae924-0000-4000-8000-oracleserras,2185,567a607c-0000-4000-8000-printserrasl,0,943798,a53bb184-0000-4000-8000-printserrasl,0
400aaa6d-0000-4000-8000-oraclegloomv,2774,0b88489f-0000-4000-8000-printgloomve,0,11802,90b11acd-0000-4000-8000-printgloomve,1
410405a2-0000-4000-8000-oraclegloomv,4865,6f2cfdbc-0000-4000-8000-printgloomve,0,11197,6f2cfdbc-0000-4000-8000-printgloomve,1
41c82dbf-0000-4000-8000-oraclethornw,4240,96d3e3fc-0000-4000-8000-printthornwe,0,25678,f39cba6b-0000-4000-8000-printthornwe,1
4262564a-0000-4000-8000-oracleradian,16491,f27aa944-0000-4000-8000-printradiant,0,275316,661287e5-0000-4000-8000-printradiant,0
42e0c8a7-0000-4000-8000-oraclemurkwa,3920,c2a24679-0000-4000-8000-printmurkwat,0,22250,20083e43-0000-4000-8000-printmurkwat,1
4dc13266-0000-4000-8000-oraclemurkwa,3302,485d21f9-0000-4000-8000-printmurkwat,0,14363,c6bdc0b3-0000-4000-8000-printmurkwat,1
4e176cd0-0000-4000-8000-oraclefrostb,15,4d061ef2-0000-4000-8000-printfrostbo,0,212,95270a75-0000-4000-8000-printfrostbo,1
4f4a15bf-0000-4000-8000-oraclebroken,18026,a722ac80-0000-4000-8000-printbrokens,0,77098,25834b3a-0000-4000-8000-printbrokens,1
50067468-0000-4000-8000-oraclesablec,12,3d345f7b-0000-4000-8000-printsableca,0,312,eba74e3d-0000-4000-8000-printsableca,0
515b7c93-0000-4000-8000-oraclesunlit,28,76a867a8-0000-4000-8000-printsunlitb,0,162,00c2093a-0000-4000-8000-printsunlitb,0
518aaea9-0000-4000-8000-oracleysolde,4050,4c8c6dd4-0000-4000-8000-printysolded,0,12604,7fdeba5e-0000-4000-8000-printysolded,1
51a99eed-0000-4000-8000-oraclesunlit,735,daf6d6dd-0000-4000-8000-printsunlitg,0,3870,590981e7-0000-4000-8000-printsunlitg,1
53eb26da-0000-4000-8000-oraclesilver,3227,56a71d46-0000-4000-8000-printsilverl,0,15015,0f223bfe-0000-4000-8000-printsilverl,1
540d924b-0000-4000-8000-oraclewraith,3231,ffee8538-0000-4000-8000-printwraithl,0,26316,db17fa61-0000-4000-8000-printwraithl,1
542a8069-0000-4000-8000-oraclegrimwo,2502,df801d23-0000-4000-8000-printgrimwoo,0,10528,64a8ef51-0000-4000-8000-printgrimwoo,1
54ba947d-0000-4000-8000-oraclewildsp,21,a51e8fc4-0000-4000-8000-printwildspr,0,67,5d99ae7d-0000-4000-8000-printwildspr,1
56ae32dc-0000-4000-8000-oraclefrostb,44,ccd4544f-0000-4000-8000-printfrostbo,0,2903,80622eb4-0000-4000-8000-printfrostbo,0
57404ce5-0000-4000-8000-oraclecopper,26031,6ba7b359-0000-4000-8000-printcopperf,0,454209,4748215a-0000-4000-8000-printcopperf,1
57aa8c9f-0000-4000-8000-oracleforsak,409,406d29a0-0000-4000-8000-printforsake,0,2674,f8e8485a-0000-4000-8000-printforsake,1
57dc6bad-0000-4000-8000-oracleforsak,1316,1260f5d4-0000-4000-8000-printforsake,0,87069,f9411cc1-0000-4000-8000-printforsake,0
57f291df-0000-4000-8000-oracleforsak,30,27c95c5f-0000-4000-8000-printforsake,0,90,a58cd9bf-0000-4000-8000-printforsake,1
57f86417-0000-4000-8000-oraclemurkwa,1118,bfe2a035-0000-4000-8000-printmurkwat,0,8852,6190139a-0000-4000-8000-printmurkwat,1
5c384ca8-0000-4000-8000-oraclethornw,4665,ea13eab8-0000-4000-8000-printthornwe,0,65492,bf13aaa7-0000-4000-8000-printthornwe,1
5e958bd1-0000-4000-8000-oracleraveno,6,86eeb76d-0000-4000-8000-printravenou,0,22,ba4103f7-0000-4000-8000-printravenou,1
60d23aeb-0000-4000-8000-oracleverdan,3699,2d6f4013-0000-4000-8000-printverdant,0,72992,b6e9fac3-0000-4000-8000-printverdant,0
6201a1e3-0000-4000-8000-oraclegilded,40,c776e1d9-0000-4000-8000-printgildeds,0,109,c776e1d9-0000-4000-8000-printgildeds,1
62a8369c-0000-4000-8000-oraclesorint,1749,d0e7fd66-0000-4000-8000-printsorinth,0,12321,b089ec40-0000-4000-8000-printsorinth,1
62b4e502-0000-4000-8000-oraclestarli,21,0862d6e1-0000-4000-8000-printstarlit,0,465,f9bebe6d-0000-4000-8000-printstarlit,0
63bc5f36-0000-4000-8000-oraclefrostb,3454,95be8f73-0000-4000-8000-printfrostbo,0,9175,e0cce1a3-0000-4000-8000-printfrostbo,1
64bf0ee8-0000-4000-8000-oraclefrostb,4593,537ead59-0000-4000-8000-printfrostbo,0,70936,9b9f98dd-0000-4000-8000-printfrostbo,1
64e2b03b-0000-4000-8000-oraclefrostb,32,27b22b80-0000-4000-8000-printfrostbo,0,284,7e514cb4-0000-4000-8000-printfrostbo,1
657bc176-0000-4000-8000-oraclevaleni,3115,1104f8aa-0000-4000-8000-printvalenig,0,29967,ec2e6dd5-0000-4000-8000-printvalenig,1
65b1607b-0000-4000-8000-oraclebloodm,2427,5a9e9444-0000-4000-8000-printbloodmo,0,63512,2082fd2b-0000-4000-8000-printbloodmo,1
65b1a796-0000-4000-8000-oraclebloodm,971,6f385e47-0000-4000-8000-printbloodmo,0,3778,a28aaad1-0000-4000-8000-printbloodmo,1
65cb6d4c-0000-4000-8000-oraclesilver,42548,f38fb2e0-0000-4000-8000-printsilverl,0,168835,78b8850e-0000-4000-8000-printsilverl,1
65db4cb5-0000-4000-8000-oraclewhispe,44,af1bfc25-0000-4000-8000-printwhisper,0,1162,e4972b7b-0000-4000-8000-printwhisper,0
6602517c-0000-4000-8000-oraclesunlit,16353,7828a5a6-0000-4000-8000-printsunlitb,0,194472,4d286595-0000-4000-8000-printsunlitb,1
6b15f307-0000-4000-8000-oracleradian,4376,2bb1e386-0000-4000-8000-printradiant,0,37202,55c50337-0000-4000-8000-printradiant,1
6bcf8d80-0000-4000-8000-oraclemurkwa,4258,564a8221-0000-4000-8000-printmurkwat,0,32062,b3afee5c-0000-4000-8000-printmurkwat,1
6ccdede3-0000-4000-8000-oracleraveno,712,2dbd12dc-0000-4000-8000-printravenou,0,1538,610f5f66-0000-4000-8000-printravenou,1
6fb02aaa-0000-4000-8000-oraclemurkwa,43,00294b77-0000-4000-8000-printmurkwat,0,580,dbc9b977-0000-4000-8000-printmurkwat,1
70388c20-0000-4000-8000-oraclegilded,12,813dbfbf-0000-4000-8000-printgildeds,0,69,dea32bfc-0000-4000-8000-printgildeds,1
70e43db3-0000-4000-8000-oracleforsak,1730,d3e3f48e-0000-4000-8000-printforsake,0,11116,8548ec21-0000-4000-8000-printforsake,1
70fc5928-0000-4000-8000-oraclestormt,15,354bcb01-0000-4000-8000-printstormto,0,64,ba749d30-0000-4000-8000-printstormto,1
740a0d8e-0000-4000-8000-oraclegilded,25,378959dc-0000-4000-8000-printgildeds,0,396,45b7d651-0000-4000-8000-printgildeds,0
7580def9-0000-4000-8000-oraclenightf,120,aa10bcc6-0000-4000-8000-printnightfa,0,238,aa10bcc6-0000-4000-8000-printnightfa,1
75b96efe-0000-4000-8000-oraclewhispe,32,7932e960-0000-4000-8000-printwhisper,0,459,869c338a-0000-4000-8000-printwhisper,1
75d9ab6b-0000-4000-8000-oraclebroken,1660,2f9290b5-0000-4000-8000-printbrokeno,0,88447,98af3a43-0000-4000-8000-printbrokeno,0
76c73179-0000-4000-8000-oraclepuddle,2,39ac4b4e-0000-4000-8000-printpuddlej,0,35,5e82e0ca-0000-4000-8000-printpuddlej,0
785ed9d7-0000-4000-8000-oracleverdan,2269,84d2e968-0000-4000-8000-printverdant,0,7968,03338822-0000-4000-8000-printverdant,1
7b019cb0-0000-4000-8000-oraclecopper,3740,877c35ef-0000-4000-8000-printcopperf,0,13733,3ff754a8-0000-4000-8000-printcopperf,1
7b9a14ab-0000-4000-8000-oracleemberc,1379,cc8c0254-0000-4000-8000-printembercl,0,6903,4aeca10e-0000-4000-8000-printembercl,1
7c8c2930-0000-4000-8000-oracleashens,10085,1c2c6651-0000-4000-8000-printashenst,0,152231,7a0956f0-0000-4000-8000-printashenst,1
7ed730ce-0000-4000-8000-oracleverdan,7989,15ca80ce-0000-4000-8000-printverdant,0,71849,2333caf8-0000-4000-8000-printverdant,1
7ed7e142-0000-4000-8000-oracleverdan,33,fb7fa11c-0000-4000-8000-printverdant,0,112,79431e7c-0000-4000-8000-printverdant,1
81fd5134-0000-4000-8000-oraclegilded,3709,bcb275aa-0000-4000-8000-printgildedg,0,10589,f004c234-0000-4000-8000-printgildedg,1
81febb9b-0000-4000-8000-oraclegilded,52978,86c7d245-0000-4000-8000-printgildedg,0,286661,ba694c79-0000-4000-8000-printgildedg,1
8294da6c-0000-4000-8000-oraclewildsp,42,a45a5a34-0000-4000-8000-printwildspr,0,193,5cd578ec-0000-4000-8000-printwildspr,1
82a2bdf8-0000-4000-8000-oraclekaelli,2868,b7ded6a8-0000-4000-8000-printkaellic,0,61886,7dc33f8d-0000-4000-8000-printkaellic,1
8308199f-0000-4000-8000-oraclewhispe,5487,9a33a154-0000-4000-8000-printwhisper,0,63165,13f53530-0000-4000-8000-printwhisper,0
85a4a18d-0000-4000-8000-oracleraveno,1560,5725488c-0000-4000-8000-printravenou,0,50214,8ca077e3-0000-4000-8000-printravenou,0
85c66a8d-0000-4000-8000-oraclewildsp,17477,5bcb3a71-0000-4000-8000-printwildspr,0,414465,a34f0498-0000-4000-8000-printwildspr,1
869b1cfd-0000-4000-8000-oraclethornw,4,28d58303-0000-4000-8000-printthornwe,0,95,d74871c6-0000-4000-8000-printthornwe,0
897be1d3-0000-4000-8000-oraclestormt,2891,3e64c8f4-0000-4000-8000-printstormto,0,7303,0b127c6a-0000-4000-8000-printstormto,1
8bf39df4-0000-4000-8000-oracleashens,14823,0e7b6128-0000-4000-8000-printashense,0,30545,0e7b6128-0000-4000-8000-printashense,1
8c8f08ca-0000-4000-8000-oraclehollow,3976,4bf90177-0000-4000-8000-printhollowe,0,264114,b515ab04-0000-4000-8000-printhollowe,0
8d61d59d-0000-4000-8000-oraclesunlit,7117,ee6d426a-0000-4000-8000-printsunlitg,0,16311,bb1af5e0-0000-4000-8000-printsunlitg,1
8e6009a9-0000-4000-8000-oracleancien,1600,e5766718-0000-4000-8000-printancient,0,19548,ba762708-0000-4000-8000-printancient,1
8efddab8-0000-4000-8000-oraclegrimwo,2597,27f641e7-0000-4000-8000-printgrimwoo,0,12498,a656e0a1-0000-4000-8000-printgrimwoo,1
8f22e6a3-0000-4000-8000-oraclegilded,3435,b23d8b08-0000-4000-8000-printgildedc,0,32464,d339490d-0000-4000-8000-printgildedc,0
8f2a6f2e-0000-4000-8000-oraclegrimwo,756,0719b43e-0000-4000-8000-printgrimwoo,0,10864,154830b1-0000-4000-8000-printgrimwoo,0
8ffcc969-0000-4000-8000-oraclegrimwo,628,b5c9ea93-0000-4000-8000-printgrimwoo,0,1411,b5c9ea93-0000-4000-8000-printgrimwoo,1
907e9ac2-0000-4000-8000-oracleforsak,51,639c5c5e-0000-4000-8000-printforsake,0,327,1c177b18-0000-4000-8000-printforsake,1
911a2d80-0000-4000-8000-oracleancien,1362,88adcee9-0000-4000-8000-printancient,0,20969,30fbf05f-0000-4000-8000-printancient,1
91c0cb32-0000-4000-8000-oraclegloomv,34,4526d27a-0000-4000-8000-printgloomve,0,268,e6d445df-0000-4000-8000-printgloomve,1
929f783a-0000-4000-8000-oraclegloomv,31,2d6eafa6-0000-4000-8000-printgloomve,0,781,dbe19e69-0000-4000-8000-printgloomve,0
92efe111-0000-4000-8000-oraclebroken,4029,5e9ce86a-0000-4000-8000-printbrokena,0,24058,3da1b5eb-0000-4000-8000-printbrokena,1
97864a71-0000-4000-8000-oraclesilver,7,51ead10f-0000-4000-8000-printsilverl,0,17,853d1d99-0000-4000-8000-printsilverl,1
980b3336-0000-4000-8000-oracleriftsc,43465,1ddd9835-0000-4000-8000-printriftsca,0,262464,47f0b7e8-0000-4000-8000-printriftsca,1
983b8d31-0000-4000-8000-oraclesabler,24,b2b41618-0000-4000-8000-printsablere,0,509,2dd4b852-0000-4000-8000-printsablere,0
996955be-0000-4000-8000-oraclebroken,142,55fa24a4-0000-4000-8000-printbrokenp,0,486,0e75435c-0000-4000-8000-printbrokenp,1
99daf18c-0000-4000-8000-oraclethornw,5,427cba15-0000-4000-8000-printthornwe,0,21,c0dd58cf-0000-4000-8000-printthornwe,1
9a70f93f-0000-4000-8000-oracleancien,27,66b298fd-0000-4000-8000-printancient,0,70,66b298fd-0000-4000-8000-printancient,1
9af043a1-0000-4000-8000-oracleforsak,7,1b6ea6ec-0000-4000-8000-printforsake,0,128,ae00c348-0000-4000-8000-printforsake,1
9b480479-0000-4000-8000-oraclefrostb,53,f95ef501-0000-4000-8000-printfrostbo,0,588,ef56c50a-0000-4000-8000-printfrostbo,0
9def9330-0000-4000-8000-oracleskyfar,13151,52870e6f-0000-4000-8000-printskyfare,0,141050,2786ce5f-0000-4000-8000-printskyfare,1
a08d361b-0000-4000-8000-oracleriftsc,247,9914e771-0000-4000-8000-printriftsca,0,1498,c3280721-0000-4000-8000-printriftsca,1
a17924cf-0000-4000-8000-oracledorant,3395,95c9107c-0000-4000-8000-printdoranth,0,78633,10e9b2b4-0000-4000-8000-printdoranth,0
a25cd5b2-0000-4000-8000-oraclebroken,29,c9b17b47-0000-4000-8000-printbrokenb,0,245,c6bf7273-0000-4000-8000-printbrokenb,0
a3f309fd-0000-4000-8000-oraclethornw,281,527f42ce-0000-4000-8000-printthornwe,0,15385,6dee4a10-0000-4000-8000-printthornwe,0
a5230cbc-0000-4000-8000-oraclethornw,3986,ac565230-0000-4000-8000-printthornwe,0,85434,2776f467-0000-4000-8000-printthornwe,0
a5234c60-0000-4000-8000-oraclehollow,469,9ddd8463-0000-4000-8000-printhollowh,0,6825,619acfff-0000-4000-8000-printhollowh,0
a5b4365d-0000-4000-8000-oraclecinder,27,ebcbbac3-0000-4000-8000-printcinders,0,216,4931b28d-0000-4000-8000-printcinders,1
a5b73c27-0000-4000-8000-oraclethepre,6499,3ab4d91c-0000-4000-8000-printtheprec,0,1516258,7c359f57-0000-4000-8000-printtheprec,0
a6230023-0000-4000-8000-oraclestormt,31,3d3ff81c-0000-4000-8000-printstormto,0,105,709244a6-0000-4000-8000-printstormto,1
a658410f-0000-4000-8000-oracleradian,44377,7d511cfa-0000-4000-8000-printradiant,0,180480,0279ef29-0000-4000-8000-printradiant,1
a6a0189e-0000-4000-8000-oraclestormt,3502,567e54c5-0000-4000-8000-printstormto,0,30521,31a7c9ee-0000-4000-8000-printstormto,1
aa530ae4-0000-4000-8000-oraclebloodm,701,a4abbd39-0000-4000-8000-printbloodmo,0,11100,d4be0d3f-0000-4000-8000-printbloodmo,0
aacd9d1d-0000-4000-8000-oraclesorint,24,4e975ae5-0000-4000-8000-printsorinth,0,349,23971ad4-0000-4000-8000-printsorinth,1
afba67e8-0000-4000-8000-oracleduskbo,1315,325e36f9-0000-4000-8000-printduskbou,0,9600,8fc3a334-0000-4000-8000-printduskbou,1
b02e4522-0000-4000-8000-oracleduskbo,1480,c95ffe09-0000-4000-8000-printduskbou,0,11027,f3731dba-0000-4000-8000-printduskbou,1
b15a68d4-0000-4000-8000-oraclesilver,1609,a25b3aca-0000-4000-8000-printsilverl,0,111247,893b61ba-0000-4000-8000-printsilverl,0
b23e3bca-0000-4000-8000-oraclefrostb,2011,c8929212-0000-4000-8000-printfrostbo,0,28264,25d26157-0000-4000-8000-printfrostbo,1
b321782d-0000-4000-8000-oraclesilver,24,05ceb992-0000-4000-8000-printsilverl,0,208,633425cf-0000-4000-8000-printsilverl,1
b33484c2-0000-4000-8000-oracleradian,37,801072de-0000-4000-8000-printradiant,0,109,fdd3f03e-0000-4000-8000-printradiant,1
b4759038-0000-4000-8000-oraclewraith,33,41f64ce8-0000-4000-8000-printwraithl,0,820,07dab5cd-0000-4000-8000-printwraithl,1
b54f6da6-0000-4000-8000-oracleemberc,27156,19955eb9-0000-4000-8000-printembercl,0,79297,4ce7ab43-0000-4000-8000-printembercl,1
b880c27c-0000-4000-8000-oraclethornw,1797,144b4583-0000-4000-8000-printthornwe,0,7607,4f02e6dc-0000-4000-8000-printthornwe,1
ba077469-0000-4000-8000-oraclesilver,69196,0f24c458-0000-4000-8000-printsilverl,0,274526,8d856312-0000-4000-8000-printsilverl,1
ba1462e1-0000-4000-8000-oracleradian,33,ee6e3620-0000-4000-8000-printradiant,0,173,9fd32db3-0000-4000-8000-printradiant,1
bace3e08-0000-4000-8000-oraclemurkwa,1127,03dd4cd5-0000-4000-8000-printmurkwat,0,2991,03dd4cd5-0000-4000-8000-printmurkwat,1
bc092e49-0000-4000-8000-oracleduskbo,951,abaf9637-0000-4000-8000-printduskbou,0,6423,5d148dcd-0000-4000-8000-printduskbou,1
bdfee8c9-0000-4000-8000-oraclecopper,893,4fad2085-0000-4000-8000-printcopperf,0,52786,033afae7-0000-4000-8000-printcopperf,0
be81361d-0000-4000-8000-oraclemurkwa,45,a7dcc26e-0000-4000-8000-printmurkwat,0,196,2d05949c-0000-4000-8000-printmurkwat,1
bed76e5c-0000-4000-8000-oraclegilded,3646,0952e268-0000-4000-8000-printgildedh,0,22397,66b8da30-0000-4000-8000-printgildedh,1
bf477b1c-0000-4000-8000-oraclesunlit,40711,a72dd9bf-0000-4000-8000-printsunlitw,0,357517,fdccfaf3-0000-4000-8000-printsunlitw,1
c0105b7f-0000-4000-8000-oraclegrimwo,2073,e75d30e6-0000-4000-8000-printgrimwoo,0,34948,2f7e1c68-0000-4000-8000-printgrimwoo,1
c080fbdb-0000-4000-8000-oracleduskbo,44678,67f19a46-0000-4000-8000-printduskbou,0,295270,c557920f-0000-4000-8000-printduskbou,1
c19fe7e1-0000-4000-8000-oraclecopper,679,ec766099-0000-4000-8000-printcopperf,0,4361,08fb01ce-0000-4000-8000-printcopperf,1
c32658d2-0000-4000-8000-oraclemurkwa,3263,24cfbc59-0000-4000-8000-printmurkwat,0,182731,403ec39b-0000-4000-8000-printmurkwat,0
c7655a59-0000-4000-8000-oraclegloomv,6,13845070-0000-4000-8000-printgloomve,0,47,3d977023-0000-4000-8000-printgloomve,1
ca056617-0000-4000-8000-oracleduskbo,1651,f2a5b668-0000-4000-8000-printduskbou,0,17418,cdcf2b93-0000-4000-8000-printduskbou,1
cb97f278-0000-4000-8000-oraclesorinl,3026,cdadcf2b-0000-4000-8000-printsorinli,0,54007,a94e3d29-0000-4000-8000-printsorinli,1
cc28c84f-0000-4000-8000-oraclewhispe,5,17e7bcf1-0000-4000-8000-printwhisper,0,16,95ab3a51-0000-4000-8000-printwhisper,1
cc2f4ad3-0000-4000-8000-oraclewhispe,2422,59078c76-0000-4000-8000-printwhisper,0,6420,59078c76-0000-4000-8000-printwhisper,1
cc32d54e-0000-4000-8000-oraclewhispe,41,3cb6e22c-0000-4000-8000-printwhisper,0,1459,72321182-0000-4000-8000-printwhisper,0
ccfeb682-0000-4000-8000-oraclegloomv,65331,a3daa41f-0000-4000-8000-printgloomve,0,553953,0140105b-0000-4000-8000-printgloomve,1
ce18060d-0000-4000-8000-oracleysolde,38,7ac6fbf4-0000-4000-8000-printysoldet,0,174,f9279aae-0000-4000-8000-printysoldet,1
d092a2e1-0000-4000-8000-oraclemurkwa,14,8ab65ae1-0000-4000-8000-printmurkwat,0,187,6656c8e0-0000-4000-8000-printmurkwat,1
d14c76b1-0000-4000-8000-oracleforsak,1147,66e4c2f2-0000-4000-8000-printforsake,0,13212,c4c1b390-0000-4000-8000-printforsake,1
d1bf7526-0000-4000-8000-oraclegilded,32,53b41bfc-0000-4000-8000-printgildeds,0,203,b1198838-0000-4000-8000-printgildeds,1
d2bf2260-0000-4000-8000-oracleriftsc,921,7246c17e-0000-4000-8000-printriftsca,0,5943,23abb914-0000-4000-8000-printriftsca,1
d4ad51d3-0000-4000-8000-oracleashend,42,bbae5829-0000-4000-8000-printashendj,0,1568,ea13605d-0000-4000-8000-printashendj,0
d590e1a9-0000-4000-8000-oraclewhispe,1336,8cb85ad8-0000-4000-8000-printwhisper,0,6711,ea1dc713-0000-4000-8000-printwhisper,1
d648fbf4-0000-4000-8000-oraclewhispe,11,e829c037-0000-4000-8000-printwhisper,0,224,7abbdc91-0000-4000-8000-printwhisper,1
d64c6909-0000-4000-8000-oraclewhispe,3141,e9f07777-0000-4000-8000-printwhisper,0,45448,2b714076-0000-4000-8000-printwhisper,0
dad05340-0000-4000-8000-oraclehollow,899,341af0ec-0000-4000-8000-printholloww,0,42806,4f89f82d-0000-4000-8000-printholloww,0
ddaa62df-0000-4000-8000-oraclewhispe,13,831cc7e4-0000-4000-8000-printwhisper,0,212,5ebd35e3-0000-4000-8000-printwhisper,1
e08421b1-0000-4000-8000-oracleancien,30,44f1b58d-0000-4000-8000-printancient,0,152,f656ad23-0000-4000-8000-printancient,1
e0ee19f5-0000-4000-8000-oracleashenw,1578,7134a6d4-0000-4000-8000-printashenwa,0,12474,190bcf75-0000-4000-8000-printashenwa,1
e10daac9-0000-4000-8000-oracleironro,4627,060a6936-0000-4000-8000-printironroo,0,13859,395cb5c0-0000-4000-8000-printironroo,1
e4bd5fff-0000-4000-8000-oraclewraith,158,436e56c1-0000-4000-8000-printwraithl,0,2340,84ef1fc2-0000-4000-8000-printwraithl,0
e644e5d3-0000-4000-8000-oraclesunlit,43487,a41be3ac-0000-4000-8000-printsunlitc,0,590142,c74132ef-0000-4000-8000-printsunlitc,1
e67f150e-0000-4000-8000-oraclewildsp,44,2673250e-0000-4000-8000-printwildspr,0,296,7d124641-0000-4000-8000-printwildspr,1
e72ffb5f-0000-4000-8000-oracletwinli,303,ab86cc54-0000-4000-8000-printtwinlig,0,552,ab86cc54-0000-4000-8000-printtwinlig,1
e7ad6704-0000-4000-8000-oraclethessd,41814,ef42b2dd-0000-4000-8000-printthessdu,0,3176207,d622d9cc-0000-4000-8000-printthessdu,0
e98da40a-0000-4000-8000-oracleraveno,29,b74682a2-0000-4000-8000-printravenou,0,136,e159a254-0000-4000-8000-printravenou,1
e9eb15ca-0000-4000-8000-oraclebroken,4124,2b24b962-0000-4000-8000-printbrokens,0,26552,a937646d-0000-4000-8000-printbrokens,1
ead67d42-0000-4000-8000-oracleskyfar,3414,cb1ad459-0000-4000-8000-printskyfare,0,49651,c112a461-0000-4000-8000-printskyfare,0
eb4d636a-0000-4000-8000-oracleemberc,5332,988263d6-0000-4000-8000-printembercl,0,48547,233926c3-0000-4000-8000-printembercl,0
ec4867e9-0000-4000-8000-oraclebeastt,25,6e3f74bf-0000-4000-8000-printbeastto,0,25,6e3f74bf-0000-4000-8000-printbeastto,0
ed3f7863-0000-4000-8000-oraclesables,30,fa08eff5-0000-4000-8000-printsablesv,0,778,97654c2c-0000-4000-8000-printsablesv,0
ef3532ac-0000-4000-8000-oraclewildsp,2503,021484f7-0000-4000-8000-printwildspr,0,18538,5f79f132-0000-4000-8000-printwildspr,1
effbf949-0000-4000-8000-oraclevolcan,3817,de86bb78-0000-4000-8000-printvolcani,0,1185852,c566dfa0-0000-4000-8000-printvolcani,0
f0a35725-0000-4000-8000-oraclewhispe,2685,d1568bdb-0000-4000-8000-printwhisper,0,45275,12d754dc-0000-4000-8000-printwhisper,0
f36be757-0000-4000-8000-oracleemberc,28237,ccaab576-0000-4000-8000-printembercl,0,207534,6e5828da-0000-4000-8000-printembercl,1
f40e2fc2-0000-4000-8000-oracleemberc,11,6d393f9f-0000-4000-8000-printembercl,0,65,ca9eabdc-0000-4000-8000-printembercl,1
f41040a2-0000-4000-8000-oracleemberc,117,8dbde2bf-0000-4000-8000-printembercl,0,900,68e757ea-0000-4000-8000-printembercl,1
f671ea2e-0000-4000-8000-oraclekaeldu,15583,b3d4acf3-0000-4000-8000-printkaeldus,0,98619,113a192e-0000-4000-8000-printkaeldus,1
f6c77929-0000-4000-8000-oraclewraith,626,036fbf57-0000-4000-8000-printwraithl,0,1788,81333cb7-0000-4000-8000-printwraithl,1
f8f14156-0000-4000-8000-oraclewildsp,3427,b47c5aaa-0000-4000-8000-printwildspr,0,20471,941e4987-0000-4000-8000-printwildspr,1
fbb6a776-0000-4000-8000-oracleancien,37,332d57a8-0000-4000-8000-printancient,0,81,332d57a8-0000-4000-8000-printancient,1
fbe10201-0000-4000-8000-oracleancien,4938,29add4cc-0000-4000-8000-printancient,0,35077,53c0f47d-0000-4000-8000-printancient,1
fce27ecb-0000-4000-8000-oraclegilded,29,c175e156-0000-4000-8000-printgildedg,0,321,1f52d1f5-0000-4000-8000-printgildedg,1
fceeae10-0000-4000-8000-oracleancien,31,89b30cd2-0000-4000-8000-printancient,0,205,64dc81fc-0000-4000-8000-printancient,1
fd0a8b5c-0000-4000-8000-oraclegaeasc,2709088,ff04d751-0000-4000-8000-printgaeascr,0,2709088,ff04d751-0000-4000-8000-printgaeascr,0
fe94ffd3-0000-4000-8000-oraclewraith,2996,03345ab6-0000-4000-8000-printwraithl,0,53240,95c67712-0000-4000-8000-printwraithl,1
